132;"Sound126"
131;"Sound125"
130;"Sound132"
129;"Sound133"
128;"Sound134"
127;"Sound135"
126;"Sound127"
125;"Sound128"
124;"Sound129"
123;"Sound130"
122;"Sound131"
121;"Sound067"
120;"Sound073"
119;"Sound021"
118;"Sound069"
117;"Sound023"
116;"Sound083"
115;"Sound025"
114;"Sound124"
113;"Sound077"
112;"Sound027"
111;"Sound079"
110;"Sound029"
109;"Sound071"
108;"Sound031"
107;"Sound075"
106;"Sound033"
105;"Sound081"
104;"Sound035"
103;"Sound098"
102;"Sound099"
101;"Sound100"
100;"Sound101"
99;"Sound102"
98;"Sound103"
97;"Sound104"
96;"Sound105"
95;"Sound106"
94;"Sound107"
93;"Sound092"
92;"Sound090"
91;"Sound088"
90;"Sound093"
89;"Sound001"
88;"Sound1001"
87;"Sound141"
86;"Sound078"
85;"Sound013"
84;"Sound003"
83;"Sound136"
82;"Sound087"
81;"Sound091"
80;"Sound089"
79;"Sound094"
78;"Sound095"
77;"Sound166"
76;"Sound156"
75;"Sound142"
74;"Sound006"
73;"Sound108"
72;"Sound109"
71;"Sound110"
70;"Sound111"
69;"Sound112"
68;"Sound113"
67;"Sound114"
66;"Sound115"
65;"Sound116"
64;"Sound015"
63;"Sound007"
62;"Sound158"
61;"Sound008"
60;"Sound009"
59;"Sound010"
58;"Sound066"
57;"Sound148"
56;"Sound012"
55;"Sound122"
54;"Sound123"
53;"Sound157"
52;"Sound150"
51;"Sound151"
50;"Sound153"
49;"Sound152"
48;"Sound159"
47;"Sound137"
46;"Sound139"
45;"Sound155"
44;"Sound118"
43;"Sound020"
42;"Sound016"
41;"Sound017"
40;"Sound018"
39;"Sound143"
38;"Sound038"
37;"Sound039"
36;"Sound144"
35;"Sound063"
34;"Sound040"
33;"Sound064"
32;"Sound014"
31;"Sound041"
30;"Sound042"
29;"Sound138"
28;"Sound043"
27;"Sound147"
26;"Sound096"
25;"Sound121"
24;"Sound154"
23;"Sound167"
22;"Sound119"
21;"Sound160"
20;"Sound161"
19;"Sound162"
18;"Sound163"
17;"Sound164"
16;"Sound165"
15;"Sound044"
14;"Sound149"
13;"Sound045"
12;"Sound047"
11;"Sound117"
10;"Sound057"
9;"Sound058"
8;"Sound120"
7;"Sound048"
6;"Sound049"
5;"Sound050"
4;"Sound097"
3;"Sound019"
2;"Sound145"
1;"Sound146"
